{
"Oviedo, Asturias, España": [
43.3533452,
-5.8795096
],
"Gijón, Asturias, España": [
43.5449422,
-5.66275
],
"Llanes, Asturias, España": [
43.4211205,
-4.7530835
],
"C/Fuente del real 41, 33209, Gijón, Asturias, España": [
43.5315815,
-5.6590937
],
"C/Palacio valdes nº10, 33402, Avilés, Asturias, España": [
43.5551529,
-5.9202406
],
"Calle juan manuel sanchez ocaña 1, 33010, Oviedo, Asturias, España": null,
"33010 Oviedo, Asturias, España": [
43.3665978,
-5.8308733
],
"Los Angeles 27, 33209, Gijón, Asturias, España": [
43.5319511,
-5.6597102
],
"Calle Francisco Pizarro, 10, 33403, Avilés, Asturias, España": [
43.5355393,
-5.9122039
],
"Fuente del real, 33209, Gijón, Asturias, España": [
43.5318684,
-5.6567357
],
"Plaza del humedal,7, 33207, Gijón, Asturias, España": [
43.5397962,
-5.666849
],
"C/ SAN JUAN DE LA CRUZ, 4 -, 33208, Gijón, Asturias, España": [
43.5349556,
-5.6671113
],
"Calle peña de los cuatro jueces 15 3 E, 33211, Gijón, Asturias, España": null,
"33211 Gijón, Asturias, España": [
43.5230971,
-5.6919255
],
"Camino del cortijo 56,5A, 33212, Gijón, Asturias, España": null,
"33212 Gijón, Asturias, España": [
43.5408265,
-5.6867992
],
"C/ Los Ángeles nº27, 33209, Gijón, Asturias, España": [
43.5319511,
-5.6597102
],
"C/ Luis Suárez Ximielga 30 3B, 33010, Oviedo, Asturias, España": [
43.377992,
-5.7950828
],
"BARRIO REANES, 65 C, LIERES, 33580, Siero, Asturias, España": null,
"33580 Siero, Asturias, España": [
43.394024,
-5.6349173
],
"C/Camino de Rubín, 33213, Gijón, Asturias, España": null,
"33213 Gijón, Asturias, España": [
43.5392379,
-5.7033622
],
"C/Gran capitan n°, 33213, Gijón, Asturias, España": [
43.5397227,
-5.7033259
],
"CALLE EL MARTINETE Nº 26, 2B, 33460, Avilés, Asturias, España": null,
"33460 Avilés, Asturias, España": [
43.5503529,
-5.896937
],
"C/ CORTES DE CADIZ, 4 -, 33212, Gijón, Asturias, España": [
43.5382274,
-5.6846472
],
"Calle Hernando de Soto, 16, 33213, Gijón, Asturias, España": null,
"Calle pola de siero n13, 33207, Gijón, Asturias, España": [
43.5391716,
-5.6695371
],
"Siero, Asturias, España": [
43.394024,
-5.6349173
],
"C/ CIENFUEGOS 14 1d, 33205, Gijón, Asturias, España": [
43.5353656,
-5.6561322
],
"Calle la libertad n 8, 33450, Castrillón, Asturias, España": [
43.5634057,
-5.9742334
],
"Calle Luis Suárez Ximielga 1b piso 2c, 33010, Oviedo, Asturias, España": null,
"33205 Gijón, Asturias, España": [
43.5356358,
-5.6605776
],
"CALLE ECHEGARAY N°, 33208, Gijón, Asturias, España": [
43.531227,
-5.6672053
],
"Infiesto, Asturias, España": [
43.3519084,
-5.3691634
],
"C/ MAGNUS BLISKTAD, 15 - 3 C, 33207, Gijón, Asturias, España": null,
"33207 Gijón, Asturias, España": [
43.5358949,
-5.671583
],
"Peña De Los 4 Jueces, 33211, Gijón, Asturias, España": null,
"C/Peña de los cuatro jueces 15, 33211, Gijón, Asturias, España": [
43.5294563,
-5.6833216
],
"calle magallanes, 27 , 1ºDerecha, 33213, Gijón, Asturias, España": null,
"calle candas numeri 1 3D, 33207, Gijón, Asturias, España": null,
"CARRETERIA PILES INFANZON, 5410, 33203, Gijón, Asturias, España": null,
"33203 Gijón, Asturias, España": [
43.5367279,
-5.6304303
],
"C/ MANUEL DIEZ ALEGRIA, 11 -, 33500, Llanes, Asturias, España": null,
"33500 Llanes, Asturias, España": [
43.4195734,
-4.7529384
],
"ezcurdia, 190, 33203, Gijón, Asturias, España": [
43.534289,
-5.6383484
],
"C/Gloria fuertes 4-3c, 33204, Gijón, Asturias, España": [
43.5256163,
-5.650229
],
"Calle Gloria Fuertes 4, 33204, Gijón, Asturias, España": [
43.5265555,
-5.6486115
],
"Mieres, Asturias, España": [
43.2349957,
-5.769932
],
"AV. SAN AGUSTÍN, Nº14, 33401, Avilés, Asturias, España": [
43.5554455,
-5.9281182
],
"Avenida San Agustin 14-9c, 33401, Avilés, Asturias, España": [
43.5550299,
-5.9286804
],
"Carreño Miranda, 50, 33600, Mieres, Asturias, España": [
43.2526525,
-5.777174
],
"C/ ANTONIO MACHADO, 9 - 1 I, 33420, Siero, Asturias, España": [
43.4001681,
-5.8099516
],
"ROSALÍA DE CASTRO 1BIS 4E 33212 GIJON, 33212, Gijón, Asturias, España": null,
"CIENFUEGOS, 16 -, 33205, Gijón, Asturias, España": [
43.5354088,
-5.6573785
],
"Marques De Urquijo 18 2A, 33203, Gijón, Asturias, España": [
43.5386732,
-5.6468464
],
"C/ Conde Toreno, 2 Piso, 33204, Gijón, Asturias, España": [
43.530964,
-5.650722
],
"FERMÍN CRISTOBAL 1, 1, 33180, Noreña, Asturias, España": null,
"33180 Noreña, Asturias, España": [
43.3932714,
-5.7019853
],
"Calle Fermín Cristóbal, 1, 33180, Noreña, Asturias, España": [
43.3916246,
-5.7053277
],
"CAMINO FUENTE DEL CAÑO 680, URB LA LLOSA. CASA 1, 33290, Gijón, Asturias, España": null,
"33290 Gijón, Asturias, España": [
43.5466057,
-5.7040973
],
"FRAY LUIS DE LEON, 21 -, 33208, Asturias, España": [
43.5356988,
-5.6665936
],
"velazquez, n48 5A, 33211, Gijón, Asturias, España": null,
"Grupo la tejerona, 34, 33204, Gijón, Asturias, España": [
43.5285695,
-5.6532151
],
"C.Menendez pelayo 011 P08 001, 33202, Gijón, Asturias, España": null,
"33202 Gijón, Asturias, España": [
43.5399327,
-5.6548273
],
"c/carretera vizcaína 41, 33207, Gijón, Asturias, España": null,
"Calle barceloneta nº15, 33430, Carreño, Asturias, España": [
43.5871592,
-5.7671336
]
}